id,ident,type,name,latitude_deg,longitude_deg,elevation_ft,continent,country_name,iso_country,region_name,iso_region,local_region,municipality,scheduled_service,gps_code,iata_code,local_code,home_link,wikipedia_link,keywords,score,last_updated
"#meta +id","#meta +code","#loc +airport +type","#loc +airport +name","#geo +lat","#geo +lon","#geo +elevation +ft","#region +continent +code","#country +name","#country +code +iso2","#adm1 +name","#adm1 +code +iso","#adm1 +code +local","#loc +municipality +name","#status +scheduled","#loc +airport +code +gps","#loc +airport +code +iata","#loc +airport +code +local","#meta +url +airport","#meta +url +wikipedia","#meta +keywords","#meta +score","#date +updated"
6467,UKBB,large_airport,"Boryspil International Airport",50.345001,30.894699,427,EU,Ukraine,UA,"Kyiv Oblast",UA-32,32,Boryspil,1,UKBB,KBP,,https://kbp.aero/en/,https://en.wikipedia.org/wiki/Boryspil_International_Airport,"Borispol, Міжнародний аеропорт ""Бориспіль"", Kyiv",1600,2022-11-20T09:05:31+00:00
6478,UKKK,medium_airport,"Ihor Sikorsky Kyiv International Airport (Zhuliany)",50.40194,30.45194,587,EU,Ukraine,UA,"Kyiv (city)",UA-30,30,Kyiv,1,UKKK,IEV,,https://iev.aero/,https://en.wikipedia.org/wiki/Kyiv_International_Airport_(Zhuliany),"Міжнародний аеропорт ""Київ"", Kiev",750,2022-11-20T09:02:37+00:00
6487,UKOO,medium_airport,"Odessa International Airport",46.4268,30.6765,172,EU,Ukraine,UA,"Odessa Oblast",UA-51,51,Odessa,1,UKOO,ODS,,http://www.airport.od.ua/,https://en.wikipedia.org/wiki/Odessa_International_Airport,"Odesa Central, Міжнародний аеропорт Одеса",750,2021-11-20T16:17:31+00:00
6481,UKLL,large_airport,"Lviv International Airport",49.8125,23.9561,1071,EU,Ukraine,UA,"Lviv Oblast",UA-46,46,Lviv,1,UKLL,LWO,,http://www.airport.lviv.ua/index.php?id=home&L=1,https://en.wikipedia.org/wiki/Lviv_International_Airport,"Міжнародний аеропорт ""Львів""",1200,2021-08-01T05:06:08+00:00
6474,UKFF,medium_airport,"Simferopol International Airport",45.0522,33.975101,639,EU,Ukraine,UA,"Crimea (Autonomous Republic)",UA-43,43,Simferopol,1,UKFF,SIP,URFF,https://new.sipaero.ru/,https://en.wikipedia.org/wiki/Simferopol_International_Airport,,750,2021-12-18T15:15:44+00:00
6476,UKHH,medium_airport,"Kharkiv International Airport",49.924801,36.290001,508,EU,Ukraine,UA,"Kharkiv Oblast",UA-63,63,Kharkiv,1,UKHH,HRK,,http://www.airport.kharkov.ua/,https://en.wikipedia.org/wiki/Kharkiv_International_Airport,"Osnova International Airport, Міжнародний аеропорт ""Харків""",750,2021-11-21T15:58:36+00:00
6471,UKDD,medium_airport,"Dnipro International Airport",48.357201,35.100601,481,EU,Ukraine,UA,"Dnipropetrovsk (Sicheslav) Oblast",UA-12,12,Dnipro,1,UKDD,DNK,,,https://en.wikipedia.org/wiki/Dnipro_International_Airport,"Dnipropetrovsk, Міжнародний аеропорт «Дніпро»",750,2022-10-13T16:03:56+00:00
6485,UKLU,medium_airport,"Uzhhorod International Airport",48.634300231933594,22.263399124145508,383,EU,Ukraine,UA,"Zakarpattia Oblast",UA-21,21,Uzhhorod,1,UKLU,UDJ,,,https://en.wikipedia.org/wiki/Uzhhorod_International_Airport,"Міжнародний аеропорт ""Ужгород""",750,2009-02-18T20:01:50+00:00
6472,UKDE,medium_airport,"Zaporizhzhia International Airport",47.867000579833984,35.31570053100586,373,EU,Ukraine,UA,"Zaporizhia Oblast",UA-23,23,Zaporizhia,1,UKDE,OZH,,,https://en.wikipedia.org/wiki/Zaporizhia_International_Airport,"Zaporozhye Airport, Міжнародний аеропорт Запоріжжя, Аэропорт Запорожье",750,2009-03-19T16:43:50+00:00
6468,UKCC,closed,"Donetsk Sergei Prokofiev International Airport",48.075072,37.72527,791,EU,Ukraine,UA,"Donetsk Oblast",UA-14,14,Donetsk,0,,,,http://airport.dn.ua/,https://en.wikipedia.org/wiki/Donetsk_International_Airport,"Міжнародний аеропорт ""Донецьк"", UKCC, DOK",1200,2021-03-10T13:42:27+00:00
6482,UKLN,medium_airport,"Chernivtsi International Airport",48.259300231933594,25.98080062866211,826,EU,Ukraine,UA,"Chernivtsi Oblast",UA-77,77,Chernivtsi,1,UKLN,CWC,,,https://en.wikipedia.org/wiki/Chernivtsi_International_Airport,,750,2009-02-18T18:21:01+00:00
6480,UKLI,medium_airport,"Ivano-Frankivsk International Airport",48.88420104980469,24.686100006103516,919,EU,Ukraine,UA,"Ivano-Frankivsk Oblast",UA-26,26,Ivano-Frankivsk,1,UKLI,IFO,,http://www.aeroportifua.ifrastudio.com/index.php?area=2,https://en.wikipedia.org/wiki/Ivano-Frankivsk_International_Airport,"Міжнародний аеропорт Івано-Франківськ",750,2009-02-18T19:46:15+00:00
6479,UKKM,medium_airport,"Hostomel Airport",50.6035,30.1919,517,EU,Ukraine,UA,"Kyiv Oblast",UA-32,32,Kiev,0,UKKM,,,,https://en.wikipedia.org/wiki/Hostomel_Airport,"Antonov International Airport, Аеропорт „Антонов”, Gostomel Airport",750,2023-03-07T18:40:44+00:00
6477,UKKE,medium_airport,"Cherkasy International Airport",49.41559982299805,31.99530029296875,375,EU,Ukraine,UA,"Cherkasy Oblast",UA-71,71,Cherkasy,0,UKKE,CKC,,,,,250,2009-05-07T07:46:37+00:00
6470,UKCW,closed,"Luhansk International Airport",48.4174,39.3741,636,EU,Ukraine,UA,"Luhansk Oblast",UA-09,09,Luhansk,1,,,,,https://en.wikipedia.org/wiki/Luhansk_International_Airport,"Lugansk International Airport, Міжнародний аеропорт Луганськ, Аэропорт Луганск, UKCW, VSG",750,2022-11-20T15:28:28+00:00
44376,UA-0028,medium_airport,"Zhovtneve Air Base",45.639999,28.67,,EU,Ukraine,UA,"Odessa Oblast",UA-51,51,Bolgrad,0,UKOD,,,,,"Zhovtnevoye Air Base, Zhovtnevoe Air Base, Bolgrad Air Base, Аэродром Жовтневе, Аэродром Жовтневое, Аэродром Болград",250,2023-03-22T18:50:01+00:00
44293,UKFB,medium_airport,"Sevastopol International Airport / Belbek Air Base",44.691822,33.57462,344,EU,Ukraine,UA,"Crimea (Autonomous Republic)",UA-43,43,Sevastopol,0,UKFB,UKS,,,https://en.wikipedia.org/wiki/Sevastopol_International_Airport,"Севастополь,Бельбек",250,2022-10-20T12:49:18+00:00
30535,UKWW,medium_airport,"Vinnytsia/Gavyryshivka International Airport",49.242531,28.613778,961,EU,Ukraine,UA,"Vinnytsia Oblast",UA-05,05,Vinnitsa,0,UKWW,VIN,,,https://en.wikipedia.org/wiki/Havryshivka_Vinnytsia_International_Airport,"Gavrishevka Airport, Gavrishivka Airport, Аэропорт Гавришевка , Аэропорт Гавришiвка",250,2022-03-08T07:27:16+00:00
302309,UKKV,small_airport,"Zhytomyr Airport",50.270556,28.738611,,EU,Ukraine,UA,"Zhytomyr Oblast",UA-18,18,,0,UKKV,ZTR,,,https://en.wikipedia.org/wiki/Zhytomyr_Airport,,50,2012-08-04T23:07:46+00:00
315690,UA-0075,small_airport,Zhalizhnia,50.4734613,24.4743705,,EU,Ukraine,UA,"Lviv Oblast",UA-46,46,,0,,,,,,,50,2015-10-07T14:30:57+00:00
315692,UA-0076,small_airport,Turynka,50.1205511,24.035789,,EU,Ukraine,UA,"Lviv Oblast",UA-46,46,,0,,,,,,,50,2015-10-07T14:43:28+00:00
316377,UA-0081,small_airport,Tal'ne,48.8715407,30.6593031,,EU,Ukraine,UA,"Cherkasy Oblast",UA-71,71,,0,,,,,,,50,2015-11-18T10:59:38+00:00
342153,UA-0146,small_airport,"Aeroclub Swallow",48.81223,26.022577,873,EU,Ukraine,UA,"Ternopil Oblast",UA-61,61,Borschiv,0,,,,,,"Борщів, Ластівка,С172",50,2022-03-08T12:14:23+00:00
44437,UA-0039,small_airport,"Tsuniv Airfield",49.831848,23.690052,869,EU,Ukraine,UA,"Lviv Oblast",UA-46,46,Gorodok,0,UKGC,,,,,,50,2018-12-31T01:54:15+00:00
45181,UA-0052,small_airport,"Korotych Airfield",49.971,36.011,,EU,Ukraine,UA,"Kharkiv Oblast",UA-63,63,Lyubotin,0,,,,http://www.aeroclub.net.ua/,,"Korotich Airfield, Аэродром Коротыч, Аэродром Коротич",50,2009-11-18T14:39:25+00:00
353281,UA-0177,small_airport,"Ximik Airport",47.34706,35.142817,300,EU,Ukraine,UA,"Zaporizhia Oblast",UA-23,23,Orlyanske,0,,,,,,,50,2022-03-03T22:34:22+00:00
44600,UA-0009,small_airport,"Gora Klementyeva Airfield",45.012616,35.247767,,EU,Ukraine,UA,"Crimea (Autonomous Republic)",UA-43,43,Otvazhnoe,0,,,,,,"Uzun-Syrt Airfield, Аэродром Гора Клементьева, Аэродром Узун-Сырт",50,2021-01-27T15:47:16+00:00
44436,UA-0038,small_airport,"Kyiv Chaika Airfield",50.431185,30.30093,600,EU,Ukraine,UA,"Kyiv Oblast",UA-32,32,"Petropavlivska Borshchahivka",0,UKKJ,,,,https://en.wikipedia.org/wiki/Kyiv_Chaika_Airfield,"Kyiv West",50,2022-11-30T09:33:00+00:00
32532,UKHP,small_airport,"Suprunovka Airport",49.568599700927734,34.39720153808594,505,EU,Ukraine,UA,"Poltava Oblast",UA-53,53,Poltava,0,UKHP,PLV,,,,,50,2008-08-14T12:06:12+00:00
35109,UA-6709,closed,"Velyka Krucha Air Base",50.1500015259,32.5332984924,384,EU,Ukraine,UA,"Poltava Oblast",UA-53,53,Pyriatyn,0,,,,,https://en.wikipedia.org/wiki/Velyka_Krucha_(air_base),,50,2009-11-18T14:42:10+00:00
320856,UA-0095,small_airport,"Turiisk Airfield",51.021679,24.618763,,EU,Ukraine,UA,"Volyn Oblast",UA-07,07,Radovychi,0,,,,,,,50,2021-01-27T16:04:37+00:00
44307,UA-0016,small_airport,"Yukharina Balka Airfield",44.549003,33.488613,,EU,Ukraine,UA,"Sevastopol (city)",UA-40,40,Sevastopol,0,,,,,,"Аэродром Юхарина Балка",50,2022-11-18T10:30:03+00:00
44430,UKFW,small_airport,"Zavodskoe Airfield",44.919998,34.063,955,EU,Ukraine,UA,"Crimea (Autonomous Republic)",UA-43,43,Simferopol,0,URFW,,,http://unavia.narod.ru/engl/index.html,https://en.wikipedia.org/wiki/Zavodske_Airfield,"Zavodskoye Airfield, Аэродром Заводское",50,2020-09-26T05:05:08+00:00
342021,UA-0143,small_airport,"Blagodatnoye Delta-Paradrome",47.9042,38.5194,575,EU,Ukraine,UA,"Donetsk Oblast",UA-14,14,Siyatel',0,,,,,,,50,2021-03-10T13:48:23+00:00
35087,UA-2644,small_airport,"Starokostiantyniv Air Base",49.74829864501953,27.273300170898438,873,EU,Ukraine,UA,"Khmelnytskyi Oblast",UA-68,68,Starokostiantyniv,0,,,,,https://en.wikipedia.org/wiki/Starokostiantyniv_(air_base),,50,2008-12-30T14:07:34+00:00
35089,UA-8143,small_airport,"Stryi Air Base",49.24330139160156,23.786699295043945,1024,EU,Ukraine,UA,"Lviv Oblast",UA-46,46,Stryi,0,,,,,https://en.wikipedia.org/wiki/Stryi_(air_base),,50,2008-08-03T11:50:50+00:00
32541,UKHS,small_airport,"Sumy Airport",50.858299255371094,34.76250076293945,594,EU,Ukraine,UA,"Sumy Oblast",UA-59,59,Sumy,0,UKHS,UMY,,,,,50,2008-08-03T11:51:06+00:00
316378,UA-0082,small_airport,"Vinnytsia Aircraft Sports Club - Sutysky Airport",49.066667,28.44166,,EU,Ukraine,UA,"Vinnytsia Oblast",UA-05,05,Sutysky,0,,,,,,,50,2022-03-08T12:10:18+00:00
6484,UKLT,small_airport,"Ternopil International Airport",49.5242,25.7001,1072,EU,Ukraine,UA,"Ternopil Oblast",UA-61,61,Ternopil,0,UKLT,,,,https://en.wikipedia.org/wiki/Ternopil_Airport,,50,2016-11-26T07:16:19+00:00
321103,UA-0097,small_airport,"Troits'ke Airstrip",47.6693733,30.2982862,,EU,Ukraine,UA,"Odessa Oblast",UA-51,51,Troits'ke,0,,,,,,,50,2016-11-10T01:18:58+00:00
35108,UA-6118,small_airport,"Vasylkiv Air Base",50.233299255371094,30.299999237060547,673,EU,Ukraine,UA,"Kyiv Oblast",UA-32,32,Vasylkiv,0,,,,,https://en.wikipedia.org/wiki/Vasylkiv_(air_base),,50,2008-08-03T11:50:46+00:00
351114,UA-0169,small_airport,"Vesele Airport",47.0369,34.91204,253,EU,Ukraine,UA,"Zaporizhia Oblast",UA-23,23,Vesele,0,,,,,,,50,2021-12-30T16:11:55+00:00
46267,UA-0059,small_airport,"Valeryanivka Airfield",47.6288427809,37.399778366099994,,EU,Ukraine,UA,"Donetsk Oblast",UA-14,14,Volnovakha,0,,,,http://sky.dn.ua/,,"Valeryanovka Airfield, Аеродром Валер'янівка, Аэродром Валерьяновка",50,2010-03-05T15:05:42+00:00
321106,UA-0098,small_airport,"Zabroshennyy Airport",49.532738,29.887719,,EU,Ukraine,UA,"Kyiv Oblast",UA-32,32,Volodarka,0,,,,,,Volodarka,50,2022-11-20T08:39:07+00:00
34999,UA-9861,small_airport,"Zhovtneve Air Base",50.9109992980957,24.45199966430664,699,EU,Ukraine,UA,"Volyn Oblast",UA-07,07,Volodymyr-Volynskyi,0,,,,,https://en.wikipedia.org/wiki/Khovtnevoy,"Zhovtnevoye Air Base, Zhovtnevoe Air Base, Аэродром Жовтневе, Аэродром Жовтневое",50,2009-04-23T18:04:31+00:00
335516,UKGW,small_airport,"Voroniv Airfield",50.695956,26.699958,722,EU,Ukraine,UA,"Rivne Oblast",UA-19,19,Voroniv,0,UKGW,,,,,,50,2020-08-15T05:49:51+00:00
44625,UA-0042,small_airport,"Voznesensk Air Base",47.509998,31.254999,,EU,Ukraine,UA,"Mykolaiv Oblast",UA-48,48,Voznesensk,0,UKOW,,,,,"Аэродром Вознесенск",50,2022-03-10T01:32:17+00:00
46266,UA-0058,small_airport,"Yenakiyeve Airfield",48.179565,38.201866,727,EU,Ukraine,UA,"Donetsk Oblast",UA-14,14,Yenakiyeve,0,,,,,,"Yenakieve Airfield, Yenakiyevo Airfield, Enakievo Airfield, Аеродром Енакiеве, Аэродром Енакиево, DOSAAF Airfield",50,2021-03-10T13:46:35+00:00
32531,UKFV,small_airport,"Yevpatoriya Airport",45.225601,33.376701,33,EU,Ukraine,UA,"Crimea (Autonomous Republic)",UA-43,43,Yevpatoriya,0,UKFE,,,,,"UKFV, Yevpatoria Aircraft Repair Plant Airport",50,2021-12-30T15:53:47+00:00
322148,UA-0114,small_airport,"Zahnitkiv Airstrip",48.0351886,28.9258992,,EU,Ukraine,UA,"Odessa Oblast",UA-51,51,Zahnitkiv,0,,,,,,,50,2017-02-13T01:38:17+00:00
353018,UA-0174,heliport,"Zmiyinyy Island Helipad",45.255778,30.201306,,EU,Ukraine,UA,"Odessa Oblast",UA-51,51,,0,,,,,,,0,2022-02-25T07:18:15+00:00
44676,UA-0043,heliport,"State House #10 (M S Gorbachev Dacha) (Foros) Heliport",44.391897,33.753988,168,EU,Ukraine,UA,"Crimea (Autonomous Republic)",UA-43,43,Foros,0,,,,,,"Вертолётная площадка Форос",0,2021-03-19T16:20:27+00:00
44433,UKKT,closed,"Svyatoshyn Airport",50.478224,30.384631,582,EU,Ukraine,UA,"Kyiv (city)",UA-30,30,Kyiv,0,,,,,,UKKT,0,2022-11-20T09:01:17+00:00
341520,UA-0140,heliport,"Kyiv Challenge Heliport",50.406424,30.579473,314,EU,Ukraine,UA,"Kyiv (city)",UA-30,30,Kyiv,0,UKIH,,,,,,0,2022-11-20T08:47:10+00:00
44602,UA-0041,closed,"Yuzhniy Airfield",44.5800018311,33.4959983826,,EU,Ukraine,UA,"Sevastopol (city)",UA-40,40,Sevastopol,0,,,,,,"Molochka Airfield, Аэродром Южный, Аэродром Молочка",0,2010-03-05T16:48:18+00:00
351112,UA-0167,heliport,"Yuzhniy Heliport",44.57702,33.49612,278,EU,Ukraine,UA,"Sevastopol (city)",UA-40,40,Sevastopol,0,,,,,,,0,2021-12-30T15:58:07+00:00
44601,UA-0040,closed,"Sovyetskiy Air Base",45.35499954223633,34.939998626708984,,EU,Ukraine,UA,"Crimea (Autonomous Republic)",UA-43,43,Sovyetskiy,0,,,,,,"Sovetskiy Air Base, Sovyetsky Air Base, Sovietsky Air Base, Аэродром Советский",0,2009-07-21T18:22:07+00:00
46367,UA-0069,closed,"Uman Air Base",48.79403,30.208197,,EU,Ukraine,UA,"Cherkasy Oblast",UA-71,71,Uman,0,,,,,,"Rodnikivka Airfield, Rodnikovka Airfield, Аеродром Умань, Аеродром Родникiвка, Аэродром Родниковка, UKKX",0,2019-03-18T06:26:39+00:00
329476,UA-0124,heliport,"Vychivka Helicopter Base",51.8205394,26.2873632,,EU,Ukraine,UA,"Rivne Oblast",UA-19,19,Vychivka,0,,,,,,,0,2018-10-19T06:17:01+00:00
46272,UA-0064,heliport,"Yalta Heliport",44.485596,34.13744,430,EU,Ukraine,UA,"Crimea (Autonomous Republic)",UA-43,43,Yalta,0,,,,,,"Вертодром Ялта",0,2021-03-19T16:32:28+00:00
342221,UA-0153,heliport,"State House #9 (Oliva) Heliport",44.4074,33.8539,184,EU,Ukraine,UA,"Crimea (Autonomous Republic)",UA-43,43,Yalta,0,,,,,,,0,2021-03-19T16:19:57+00:00
342222,UA-0154,heliport,"State House #8 (Berehove) Heliport",44.4045,33.8663,,EU,Ukraine,UA,"Crimea (Autonomous Republic)",UA-43,43,Yalta,0,,,,,,,0,2021-03-19T16:21:02+00:00
353023,UA-0176,heliport,"Yalta North Helipad",44.511515,34.155678,,EU,Ukraine,UA,"Crimea (Autonomous Republic)",UA-43,43,Yalta,0,,,,,,,0,2022-02-25T18:20:06+00:00
342212,UA-0147,heliport,"Yuzhne Heliport",46.61731,31.11865,119,EU,Ukraine,UA,"Odessa Oblast",UA-51,51,Yuzhne,0,,,,,,,0,2021-03-19T13:59:43+00:00
46369,UA-0071,closed,"Zhovti Vody Airstrip",48.350502506,33.444271087599994,,EU,Ukraine,UA,"Dnipropetrovsk (Sicheslav) Oblast",UA-12,12,"Zhovti Vody",0,,,,,,"Zholtyye Vody Airstrip, ЗПС Жовті Води, ВПП Жёлтые Воды, ВПП Желтые Воды",0,2010-03-27T18:04:32+00:00
46370,UA-0072,closed,"Volodimirivka Airstrip",48.2840353492,33.4489488602,,EU,Ukraine,UA,"Dnipropetrovsk (Sicheslav) Oblast",UA-12,12,"Zhovti Vody",0,,,,,,"ЗПС Володимирівка, ВПП Владимировка",0,2010-03-27T18:11:37+00:00
6473,UKDR,medium_airport,"Kryvyi Rih International Airport",48.04330062866211,33.209999084472656,408,EU,Ukraine,UA,"Dnipropetrovsk (Sicheslav) Oblast",UA-12,12,"Kryvyi Rih",1,UKDR,KWG,,,https://en.wikipedia.org/wiki/Kryvyi_Rih_International_Airport,"Lozuvatka International Airport, Міжнародний аеропорт ""Кривий Ріг""",750,2009-02-18T19:49:40+00:00
6483,UKLR,medium_airport,"Rivne International Airport",50.60710144042969,26.141599655151367,755,EU,Ukraine,UA,"Rivne Oblast",UA-19,19,Rivne,1,UKLR,RWN,,http://www.aeroport.rv.ua/,https://en.wikipedia.org/wiki/Rivne_International_Airport,"Міжнародний аеропорт ""Рівне""",750,2009-02-18T20:00:28+00:00
32534,UKOH,medium_airport,"Kherson International Airport",46.6758,32.506401,148,EU,Ukraine,UA,"Kherson Oblast",UA-65,65,Kherson,1,UKOH,KHE,,http://airport.kherson.ua/,https://en.wikipedia.org/wiki/Kherson_International_Airport,,500,2021-12-30T15:50:54+00:00
6469,UKCM,medium_airport,"Mariupol International Airport",47.07609939575195,37.44960021972656,251,EU,Ukraine,UA,"Donetsk Oblast",UA-14,14,Mariupol,1,UKCM,MPW,,http://www.maraero.com/,https://en.wikipedia.org/wiki/Mariupol_International_Airport,"Міжнародний аеропорт ""Маріуполь""",500,2009-02-18T19:55:28+00:00
6486,UKON,medium_airport,"Mykolaiv International Airport",47.057899,31.9198,184,EU,Ukraine,UA,"Mykolaiv Oblast",UA-48,48,Nikolayev,1,UKON,NLV,,http://www.airport.nikolaev.ua/,https://en.wikipedia.org/wiki/Mykolaiv_Airport,"Nikolayev Airport, Nikolaev Airport, Аэропорт Николаев",500,2021-10-05T06:29:57+00:00
44343,UA-0025,medium_airport,"Bila Tserkva Air Base",49.795228,30.024435,584,EU,Ukraine,UA,"Kyiv Oblast",UA-32,32,"Bila Tserkva",0,UKBC,,,,,"Belaya Tserkov Airfield, Аэродром Белая Церковь",250,2022-11-20T08:40:37+00:00
43680,UKFY,medium_airport,"Dzhankoy Airport",45.700901,34.4189,75,EU,Ukraine,UA,"Crimea (Autonomous Republic)",UA-43,43,Dzhankoy,0,UKFY,,,,,"Аэропорт Джанкой",250,2021-03-05T11:04:52+00:00
44313,UA-0022,medium_airport,"Kacha Air Base",44.779764,33.572245,403,EU,Ukraine,UA,"Crimea (Autonomous Republic)",UA-43,43,Kacha,0,UKFA,,,,"https://en.m.wikipedia.org/wiki/Kacha,_Sevastopol#Military_outpost","Аэродром Кача, URFA, XRFA",250,2021-12-19T12:58:12+00:00
6420,UKLH,medium_airport,"Khmelnytskyi Airport",49.359699,26.933399,1150,EU,Ukraine,UA,"Khmelnytskyi Oblast",UA-68,68,Khmelnytskyi,0,UKLH,HMJ,,,https://en.wikipedia.org/wiki/Khmelnytskyi_Ruzhichnaya_Airport,"Khmelnitskiy, Khmelnytskyi Ruzhichnaya",250,2017-10-25T12:16:02+00:00
44297,UA-0012,medium_airport,"Kirovskoe Air Base",45.16699981689453,35.18299865722656,,EU,Ukraine,UA,"Crimea (Autonomous Republic)",UA-43,43,Kirovskoe,0,,,,,,"Kirovskoye Air Base, Аэродром Кировское",250,2009-04-19T18:49:23+00:00
45170,UA-0047,medium_airport,"Dolgintsevo Air Base",47.887,33.533,341,EU,Ukraine,UA,"Dnipropetrovsk (Sicheslav) Oblast",UA-12,12,"Kryvyi Rih",0,,,,,,"УКДЙ, Аэродром Долгинцево, UKDJ",250,2023-09-20T19:48:37+00:00
44311,UA-0020,medium_airport,"Melitopol Air Base",46.880001,35.305,,EU,Ukraine,UA,"Zaporizhia Oblast",UA-23,23,Melitopol,0,UKDM,,,,,"Аэродром Мелитополь",250,2023-09-22T10:14:01+00:00
43013,UA-0005,medium_airport,"Nizhyn Air Base",51.088535,31.870995,440,EU,Ukraine,UA,"Chernihiv Oblast",UA-74,74,Nizhyn,0,UKRN,,,,https://en.wikipedia.org/wiki/Nizhyn_(air_base),"Nizhin Air Base, Nezhin Air Base, Аэродром Нежин",250,2021-03-12T13:17:24+00:00
44296,UKFI,medium_airport,"Saky Air Base",45.090611,33.598536,36,EU,Ukraine,UA,"Crimea (Autonomous Republic)",UA-43,43,Novofedorovka,0,URFI,,,,https://ru.wikipedia.org/wiki/%D0%9D%D0%BE%D0%B2%D0%BE%D1%84%D1%91%D0%B4%D0%BE%D1%80%D0%BE%D0%B2%D0%BA%D0%B0_(%D0%A1%D0%B0%D0%BA,"Аэродом Саки, URFI",250,2021-12-18T15:22:23+00:00
44294,UA-0010,medium_airport,"Oktyabrskoe Air Base",45.31999969482422,34.099998474121094,,EU,Ukraine,UA,"Crimea (Autonomous Republic)",UA-43,43,Oktyabrskoe,0,,,,,,"Oktyabrskoye Air Base, Аэродром Октябрьское",250,2009-04-19T18:28:33+00:00
44291,UKFG,medium_airport,"Gvardeyskoe Air Base",45.116192,33.976625,721,EU,Ukraine,UA,"Crimea (Autonomous Republic)",UA-43,43,Sarabuz,0,UKFG,,XRFG,,,"Gvardeyskoye Air Base, Аэродром Гвардейское",250,2021-12-19T11:44:34+00:00
44432,UKKO,medium_airport,"Ozerne Air Base",50.158298,28.7383,761,EU,Ukraine,UA,"Zhytomyr Oblast",UA-18,18,Zhytomyr,0,UKKO,,,,https://en.wikipedia.org/wiki/Ozerne_(air_base),"Zhitomyr Ozernoye, Oziernoye, Ozernoe, Ozernoye, Ozyornoye, Ozerne, Ozernyy, Ozyornaya",250,2017-02-18T21:11:10+00:00
316429,UA-0083,small_airport,Filiutka,49.335903,29.270067,,EU,Ukraine,UA,"Vinnytsia Oblast",UA-05,05,,0,,,,,,,50,2015-11-28T01:54:33+00:00
316280,UA-0079,small_airport,Andrushivka,50.0193428,28.9912024,,EU,Ukraine,UA,"Zhytomyr Oblast",UA-18,18,,0,,,,,,,50,2015-11-09T02:34:20+00:00
332720,UA-0127,small_airport,"Kosino Spa Resort",48.253128,22.49937,,EU,Ukraine,UA,"Zakarpattia Oblast",UA-21,21,,0,,,,,,,50,2019-11-23T04:41:58+00:00
332158,UA-0126,small_airport,"Pidhirya Airfield",48.788823,24.476531,,EU,Ukraine,UA,"Ivano-Frankivsk Oblast",UA-26,26,,0,UKMG,,,,,,50,2020-09-28T00:10:17+00:00
332951,UA-0128,small_airport,"Pidverbtsi Airstrip",48.78682,25.217443,,EU,Ukraine,UA,"Ivano-Frankivsk Oblast",UA-26,26,,0,,,ZF5F,,,,50,2020-01-06T05:06:50+00:00
321183,UA-0100,small_airport,"Ksaverivka Airfield",50.005647,30.197924,,EU,Ukraine,UA,"Kyiv Oblast",UA-32,32,,0,UKBD,,,,,,50,2022-01-21T00:51:17+00:00
321666,UA-0112,small_airport,"Palianychyntsi Airstrip",50.0129543,29.9795159,,EU,Ukraine,UA,"Kyiv Oblast",UA-32,32,,0,,,,,,,50,2016-12-31T05:56:37+00:00
315689,BY-0011,small_airport,"Aerodrom Belz",50.3771921,23.9648804,,EU,Ukraine,UA,"Lviv Oblast",UA-46,46,,0,,,,,,,50,2015-10-07T14:28:14+00:00
321481,UA-0108,small_airport,"Drohobych Airfield",49.3662916,23.5683736,,EU,Ukraine,UA,"Lviv Oblast",UA-46,46,,0,,,,,,,50,2016-12-12T00:54:36+00:00
321033,UA-0096,small_airport,"Frunzivka Airstrip",47.3313702,29.7908674,,EU,Ukraine,UA,"Odessa Oblast",UA-51,51,,0,,,,,,,50,2016-11-04T06:18:20+00:00
321208,UA-0106,small_airport,"Anan'iv Airstrip",47.6796995,29.9669261,,EU,Ukraine,UA,"Odessa Oblast",UA-51,51,,0,,,,,,,50,2016-11-15T20:32:47+00:00
317424,UA-0085,small_airport,Iziaslav,50.1196431,26.8681069,,EU,Ukraine,UA,"Khmelnytskyi Oblast",UA-68,68,,0,,,,,,,50,2016-04-03T09:46:50+00:00
510538,UA-0184,small_airport,"Apostolove Airfield",47.657898,33.752977,,EU,Ukraine,UA,"Dnipropetrovsk (Sicheslav) Oblast",UA-12,12,Apostolove,0,,,,,,,50,2023-07-28T13:01:55+00:00
44395,UA-0032,small_airport,"Artsyz Air Base",45.945829,29.376832,,EU,Ukraine,UA,"Odessa Oblast",UA-51,51,Artsyz,0,UKOA,,,,,"Chervonoglinskoye Airfield, Chervonoglinskoe Airfield, Chervonoglinskaya Airfield, Аэродром Арциз, Аэродром Червоноглинское, Аэродром Червоноглинская",50,2022-03-10T01:31:21+00:00
340332,UA-0137,small_airport,"Bekhtery Airfield",46.232,32.292,14,EU,Ukraine,UA,"Kherson Oblast",UA-65,65,Bekhtery,0,,,,,,,50,2021-12-30T15:49:54+00:00
31019,UKDB,heliport,"Berdyansk Airport",46.814999,36.758099,171,EU,Ukraine,UA,"Zaporizhia Oblast",UA-23,23,Berdyansk,0,,,,,https://en.wikipedia.org/wiki/Berdyansk_Airport,"UKDB, ERD",50,2023-08-28T02:02:04+00:00
342082,UA-0144,small_airport,"Borodyanka Aerodrome",50.6661,29.9329,476,EU,Ukraine,UA,"Kyiv Oblast",UA-32,32,Borodyanka,0,,,,,,,50,2021-03-12T11:58:12+00:00
34958,UA-0002,small_airport,"Brody Air Base",50.130001068115234,25.170000076293945,787,EU,Ukraine,UA,"Lviv Oblast",UA-46,46,Brody,0,,,,,https://en.wikipedia.org/wiki/Brody_%28air_base%29,"Brody Air Base, Аэродром Броды, Аэродром Броди",50,2009-04-23T18:45:57+00:00
321199,UA-0103,small_airport,"Buzova Glider Field",50.401711,30.053718,,EU,Ukraine,UA,"Kyiv Oblast",UA-32,32,Buzova,0,,,,http://gliding.com.ua,,,50,2021-01-27T16:01:06+00:00
351113,UA-0168,small_airport,"Chaplynka Airport",46.34539,33.54191,72,EU,Ukraine,UA,"Kherson Oblast",UA-65,65,Chaplynka,0,,,,,,,50,2021-12-30T16:03:47+00:00
32535,UKRR,closed,"Chernihiv Shestovytsia Airport",51.402199,31.1583,446,EU,Ukraine,UA,"Chernihiv Oblast",UA-74,74,Chernihiv,0,,,,,https://en.wikipedia.org/wiki/Chernihiv_Shestovytsia_Airport,"UKKL, UKKL, CEJ",50,2021-03-12T13:16:55+00:00
34964,UA-0003,small_airport,"Chernihiv Air Base",51.547537,31.309374,446,EU,Ukraine,UA,"Chernihiv Oblast",UA-74,74,Chernihiv,0,,,,,https://en.wikipedia.org/wiki/Chernihiv_%28air_base%29,"Chernigov Air Base",50,2021-03-12T13:18:13+00:00
6417,UK59,small_airport,"Chuhuiv Air Base",49.8382,36.641201,453,EU,Ukraine,UA,"Kharkiv Oblast",UA-63,63,Chuhuiv,0,UKHW,,,,,,50,2023-09-21T14:33:47+00:00
46368,UA-0070,small_airport,"Kam'yanka Airfield",48.552552,35.01729,,EU,Ukraine,UA,"Dnipropetrovsk (Sicheslav) Oblast",UA-12,12,Dnipro,0,,,,,,"Kamenka Airfield, Аеродром Кам'янка, Аэродром Каменка",50,2022-11-21T21:26:30+00:00
44403,UA-0037,small_airport,"Dobrianka Airfield",52.082491,31.121171,449,EU,Ukraine,UA,"Chernihiv Oblast",UA-74,74,Dobrianka,0,,,,,,"Аэродром Добрянка, Dobryanka",50,2021-03-12T13:20:14+00:00
34982,UA-2904,small_airport,"Dubno Air Base",50.45000076293945,25.83329963684082,735,EU,Ukraine,UA,"Rivne Oblast",UA-19,19,Dubno,0,,,,,https://en.wikipedia.org/wiki/Dubno_(air_base),,50,2008-12-30T14:07:23+00:00
321200,UA-0104,small_airport,"Dymer Airstrip",51.0071035,29.9782477,,EU,Ukraine,UA,"Kyiv Oblast",UA-32,32,Dymer,0,,,,,,,50,2016-11-15T07:54:54+00:00
329681,UKNG,small_airport,"Gogoliv Airfield",50.515308,31.046581,,EU,Ukraine,UA,"Kyiv Oblast",UA-32,32,"Gogoliv (Kiev)",0,UKNG,,,,,,50,2018-11-18T06:22:03+00:00
34991,UA-8322,closed,"Horodnia Air Base",51.883767,31.645489,489,EU,Ukraine,UA,"Chernihiv Oblast",UA-74,74,Gorodnya,0,,,,,https://en.wikipedia.org/wiki/Horodnia_(air_base),"Gorodnia Air Base, Gorodnya Air Base, Horodnya Air Base, Аэродром Городня",50,2021-03-12T13:18:57+00:00
6419,UK61,small_airport,"Jagellon Airfield",49.7379,23.6689,895,EU,Ukraine,UA,"Lviv Oblast",UA-46,46,Gorodok,0,UKMC,,,http://jagellon.com,,"Cherliany Airport, Gorodok Airport, Аэропорт Черляны, Аэропорт Городок",50,2021-07-04T02:25:21+00:00
322575,UA-0115,small_airport,"Hardyshivka Airstrip",49.898809,28.436614,,EU,Ukraine,UA,"Zhytomyr Oblast",UA-18,18,Hardyshivka,0,,,,,,,50,2021-01-27T16:01:28+00:00
342089,UA-0145,small_airport,"Chernihiv West Airfield",51.5196,30.955,509,EU,Ukraine,UA,"Chernihiv Oblast",UA-74,74,Hirmanka,0,,,,,,,50,2021-03-12T13:14:30+00:00
352972,UA-0173,small_airport,"Hlukhiv Airport",51.68335,33.87135,577,EU,Ukraine,UA,"Sumy Oblast",UA-59,59,Hlukhiv,0,,,,,,,50,2022-02-23T23:45:35+00:00
320731,UA-0092,small_airport,"Kryzhopil Airstrip",48.35874,28.860397,,EU,Ukraine,UA,"Vinnytsia Oblast",UA-05,05,Holubeche,0,,,,,,,50,2021-01-27T16:02:07+00:00
44680,UA-0045,small_airport,"Izyum Air Base",49.259998,37.154999,,EU,Ukraine,UA,"Kharkiv Oblast",UA-63,63,Ivanivka,0,UKHI,,,,,"Levkovka Air Base, Аэродром Изюм, Аэродром Левковка",50,2023-09-21T14:33:19+00:00
35022,UA-8381,closed,"Liubsha Air Base",49.2883,24.198299,807,EU,Ukraine,UA,"Lviv Oblast",UA-46,46,Kalush,0,,,,,https://en.wikipedia.org/wiki/Liubsha_(air_base),,50,2023-09-30T06:44:21+00:00
44684,UA-0046,small_airport,"Kalynivka Air Base",49.485372,28.539097,,EU,Ukraine,UA,"Vinnytsia Oblast",UA-05,05,Kalynivka,0,,,,,,"Kalinovka Air Base, Аэродром Калиновка",50,2022-03-08T12:11:13+00:00
321214,UA-0107,small_airport,"Kam'yanets'-Podil's'kyi Airfield",48.695634,26.609469,,EU,Ukraine,UA,"Khmelnytskyi Oblast",UA-68,68,Kamyan'ka,0,,KCP,,,,"Mekanik Avia, Механик Авиа",50,2023-03-19T07:39:52+00:00
31747,UKFK,small_airport,"Kerch Airport",45.372501373291016,36.40140151977539,171,EU,Ukraine,UA,"Crimea (Autonomous Republic)",UA-43,43,Kerch,0,UKFK,KHC,,,,,50,2008-08-03T11:50:53+00:00
44431,UKHD,small_airport,"Kharkiv North Airport",50.025002,36.268902,592,EU,Ukraine,UA,"Kharkiv Oblast",UA-63,63,Kharkiv,0,UKHV,,,,https://en.wikipedia.org/wiki/Kharkiv_North_Airport,"Kharkiv North Airport, Kharkiv Sokolniki Airport, Kharkоv Severny Airport, Аэропорт Харьков Северный, Аэропорт Харьков Сокольники, Аеропорт Харків-Північний",50,2020-09-26T04:59:46+00:00
31744,UKKG,small_airport,"Kirovograd Airport",48.54280090332031,32.28499984741211,568,EU,Ukraine,UA,"Kirovohrad Oblast",UA-35,35,Kirovograd,0,UKKG,KGO,,,,,50,2008-12-30T14:07:28+00:00
46365,UA-0067,small_airport,"Kanatove Air Base",48.561364587499995,32.3872071505,,EU,Ukraine,UA,"Kirovohrad Oblast",UA-35,35,Kirovohrad,0,,,,,,"Kanatovo Air Base, Аеродром Канатове, Аэродром Канатово",50,2010-03-27T17:22:49+00:00
326268,UA-0121,small_airport,"Kobelyachok Airstrip",49.0522143,33.7993478,,EU,Ukraine,UA,"Poltava Oblast",UA-53,53,Kobelyachok,0,,,,,,,50,2018-01-28T02:22:40+00:00
35006,UA-3578,small_airport,"Konotop Air Base",51.25,33.1500015259,476,EU,Ukraine,UA,"Sumy Oblast",UA-59,59,Konotop,0,UKBF,,,,https://en.wikipedia.org/wiki/Konotop_(air_base),,50,2012-08-04T22:57:31+00:00
320502,UA-0090,small_airport,"Korostelivka Airstrip",50.557511,28.781421,,EU,Ukraine,UA,"Zhytomyr Oblast",UA-18,18,Korostelivka,0,,,,,,,50,2021-01-27T16:00:12+00:00
321198,UA-0102,closed,"Lyneya Airstrip",51.413316,30.87469,446,EU,Ukraine,UA,"Chernihiv Oblast",UA-74,74,Kovpyta,0,,,,,,,50,2022-11-10T13:48:28+00:00
31774,UKCK,small_airport,"Kramatorsk Airport",48.706799,37.630922,646,EU,Ukraine,UA,"Donetsk Oblast",UA-14,14,Kramatorsk,0,UKCK,KRQ,,,,,50,2021-04-11T13:49:45+00:00
320485,UA-0088,small_airport,"Chervonobirka Airstrip",50.588009,29.264402,,EU,Ukraine,UA,"Zhytomyr Oblast",UA-18,18,Krasnobirka,0,,,,,,,50,2021-01-27T15:59:19+00:00
44298,UA-0013,small_airport,"Risovoye Airfield",45.995499,33.681017,,EU,Ukraine,UA,"Crimea (Autonomous Republic)",UA-43,43,Krasnoperekopsk,0,,,,,,"Risovoe Airfield, Аэродром Рисовое",50,2021-12-30T16:02:12+00:00
45179,UA-0050,small_airport,"Kakhnovka Airfield",49.136799,33.477893,266,EU,Ukraine,UA,"Poltava Oblast",UA-53,53,Kremenchuk,0,UKHK,KHU,,,https://en.wikipedia.org/wiki/Kremenchuk_Airport,"Аэродром Кахновка, Velyka Kokhnivka",50,2021-12-30T16:06:47+00:00
321182,UA-0099,small_airport,"Kremydivka Airfield",46.758049,30.792846,250,EU,Ukraine,UA,"Odessa Oblast",UA-51,51,Kremydivka,0,,,,,,,50,2021-03-19T13:57:23+00:00
316279,UA-0078,small_airport,"Chervonoarmiis'ke Airstrip",45.791888,28.72434,,EU,Ukraine,UA,"Odessa Oblast",UA-51,51,Kubei,0,,,,,,,50,2021-12-30T15:16:09+00:00
46120,UA-0054,small_airport,"Kupyansk Air Base",49.684,37.715,,EU,Ukraine,UA,"Kharkiv Oblast",UA-63,63,Kupyansk,0,UKHU,,,,,"Аэродром Купянск",50,2023-09-21T14:33:01+00:00
321716,UA-0113,small_airport,"Lanivtsi Airstrip",49.84537,26.116193,,EU,Ukraine,UA,"Ternopil Oblast",UA-61,61,Lanivtsi,0,,,,,,,50,2021-01-27T16:02:22+00:00
340331,UA-0136,small_airport,"Lazume Airfield",46.0838,32.5075,3,EU,Ukraine,UA,"Kherson Oblast",UA-65,65,Lazume,0,,,,,,,50,2021-12-30T15:50:21+00:00
35016,UA-3897,small_airport,"Lebedyn Air Base",50.549999,34.533298,476,EU,Ukraine,UA,"Sumy Oblast",UA-59,59,Lebedyn,0,UKHN,,,,https://en.wikipedia.org/wiki/Lebedyn_(air_base),"Lebedin Air Base, Аэродром Лебедин, UKHN",50,2023-09-21T14:34:51+00:00
320590,UA-0091,small_airport,"Lidavo Airstrip",50.4681472,26.2177308,,EU,Ukraine,UA,"Rivne Oblast",UA-19,19,Lidavo,0,,,,,,,50,2016-09-30T13:08:26+00:00
45180,UA-0051,small_airport,"Lokhvitsya Airfield",50.346,33.296,,EU,Ukraine,UA,"Poltava Oblast",UA-53,53,Lokhvitsya,0,,,ZD9Y,,,"Аэропорт Лохвица",50,2021-10-16T06:14:44+00:00
44369,UA-0027,small_airport,"Bliznyuki Air Base",48.876999,36.549999,,EU,Ukraine,UA,"Kharkiv Oblast",UA-63,63,Lozovaya,0,UKHB,,,,,"Bliznetsy Air Base, Аэродром Близнюки, Аэродром Близнецы, UKHB",50,2023-09-21T14:34:09+00:00
342019,UA-0141,small_airport,"Luhansk Aviation Sports Club Airfield",48.50259,39.150295,545,EU,Ukraine,UA,"Luhansk Oblast",UA-09,09,Luhansk,0,,,,,,,50,2021-04-11T13:50:11+00:00
28146,UKLC,small_airport,"Lutsk Airport",50.678404,25.487165,774,EU,Ukraine,UA,"Volyn Oblast",UA-07,07,Lutsk,0,UKLC,UCK,,,https://en.wikipedia.org/wiki/Lutsk_Airport,,50,2017-02-18T21:53:18+00:00
35028,UA-8984,small_airport,"Lutsk Air Base",50.788683025299996,25.3482913971,640,EU,Ukraine,UA,"Volyn Oblast",UA-07,07,Lutsk,0,,,,,https://en.wikipedia.org/wiki/Lutsk_(air_base),,50,2010-02-22T15:54:35+00:00
44397,UA-0034,small_airport,"Lymanske Airfield",46.668998,30.011105,,EU,Ukraine,UA,"Odessa Oblast",UA-51,51,Lymanske,0,UKOM,,,,,"Limanske, Limanskoye Air Base, Limanskoe Air Base, Аэродром Лиманское, Аэродром Лиманське",50,2023-03-22T18:50:35+00:00
321490,UA-0109,small_airport,"Malyn Airstrip",50.786675,29.246711,,EU,Ukraine,UA,"Zhytomyr Oblast",UA-18,18,Malyn,0,,,,,,,50,2016-12-12T08:48:49+00:00
46264,UA-0056,small_airport,"Mayske Airfield",48.491944,35.625933,,EU,Ukraine,UA,"Dnipropetrovsk (Sicheslav) Oblast",UA-12,12,Mayske,0,,,,http://www.avia-soyuz.com.ua/,,"Mayskoye Airfield, Mayskoe Airfield, Аеродром Майське, Аэродром Майское",50,2021-04-11T13:47:55+00:00
46265,UA-0057,small_airport,"Mospyne Airfield",47.841620693900005,38.100843429600005,,EU,Ukraine,UA,"Donetsk Oblast",UA-14,14,Mospyne,0,,,,,,"Mospine Airfield, Mospino Airfield, Аеродром Моспине, Аэродром Моспино",50,2010-03-05T14:52:43+00:00
35039,RU-2098,closed,"Mukachevo Air Base",48.400001525878906,22.683300018310547,390,EU,Ukraine,UA,"Zakarpattia Oblast",UA-21,21,Mukachev,0,,,,,https://en.wikipedia.org/wiki/Mukachevo_(air_base),,50,2008-12-30T14:07:23+00:00
324998,UKOR,small_airport,"Kulbakyne Air Base",46.936433,32.098618,177,EU,Ukraine,UA,"Mykolaiv Oblast",UA-48,48,Mykolaiv,0,UKOR,,,,,,50,2021-01-27T16:19:19+00:00
45178,UA-0049,small_airport,"Myrhorod Air Base",49.932,33.641,400,EU,Ukraine,UA,"Poltava Oblast",UA-53,53,Myrhorod,0,,MXR,,,https://en.wikipedia.org/wiki/Myrhorod_Air_Base,"Mirgorod Air Base, Аэродром Миргород",50,2015-04-15T02:47:35+00:00
46270,UA-0062,small_airport,"Liman Airfield",46.57851,30.703053,,EU,Ukraine,UA,"Odessa Oblast",UA-51,51,Naberezhne,0,UKOE,,,http://www.airclub.odessa.ua/,,"Gidroport Airfield, Аэродром Лиман, Аэродром Гидропорт",50,2021-03-19T13:54:56+00:00
315770,UKVN,small_airport,"Nalyvaikivka Airfield",50.479167,29.735833,,EU,Ukraine,UA,"Kyiv Oblast",UA-32,32,Nalyvaikivka,0,UKVN,,,http://aeroprakt.org,,,50,2022-03-12T04:37:14+00:00
323947,UA-0116,small_airport,"Nova Vasylivka Airstrip",50.3228953,28.3612108,,EU,Ukraine,UA,"Zhytomyr Oblast",UA-18,18,"Nova Vasylivka",0,,,,,,,50,2017-06-17T11:18:06+00:00
44402,UA-0036,small_airport,"Dmitrievka Airfield",48.950001,39.115002,,EU,Ukraine,UA,"Luhansk Oblast",UA-09,09,Novoaydar,0,UKCD,,,,,"Novoaydar Airfield, Аэродром Дмитриевка, Аэродром Новоайдар",50,2023-09-21T14:32:07+00:00
326004,UA-0120,small_airport,"Novopavlivka Airstrip",48.13629,36.73524,,EU,Ukraine,UA,"Dnipropetrovsk (Sicheslav) Oblast",UA-12,12,Novopavlivka,0,,,,,,,50,2021-04-11T13:48:13+00:00
35045,UA-3730,closed,"Okhtyrka Air Base",50.306,35.02,489,EU,Ukraine,UA,"Sumy Oblast",UA-59,59,Okhtyrka,0,,,,,https://en.wikipedia.org/wiki/Okhtyrka_(air_base),"Аэродром Ахтырка",50,2019-01-03T04:38:37+00:00
324103,UA-0117,small_airport,"Orekhovo Airfield",48.20211,35.021351,489,EU,Ukraine,UA,"Dnipropetrovsk (Sicheslav) Oblast",UA-12,12,Orekhovo,0,UKYO,,,,,,50,2021-12-30T16:08:56+00:00
340324,UA-0129,small_airport,"Koktebel Gliding Center",45.020896,35.206845,801,EU,Ukraine,UA,"Crimea (Autonomous Republic)",UA-43,43,Otvazhnoe,0,,,,,,,50,2021-03-19T16:57:30+00:00
35051,UA-9155,closed,"Ovruch Air Base",51.271366,28.720837,528,EU,Ukraine,UA,"Zhytomyr Oblast",UA-18,18,Ovruch,0,,,,,https://en.wikipedia.org/wiki/Ovruch_(air_base),,50,2023-10-30T09:28:15+00:00
318220,UA-0086,small_airport,Pohrebyshche,49.4943236,29.2417992,,EU,Ukraine,UA,"Vinnytsia Oblast",UA-05,05,Pohrebyshche,0,,,,,,,50,2016-06-02T11:31:41+00:00
45177,UA-0048,small_airport,"Poltava Air Base",49.627,34.487,,EU,Ukraine,UA,"Poltava Oblast",UA-53,53,Poltava,0,,,,,,"Аэродром Полтава",50,2009-11-18T14:13:25+00:00
351423,UA-0172,small_airport,"Korsak Airport",46.7513,35.6342,115,EU,Ukraine,UA,"Zaporizhia Oblast",UA-23,23,Pryazovs'ke,0,,,,,,,50,2022-01-12T18:22:27+00:00
35061,UA-7707,small_airport,"Pryluki Air Base",50.56669998168945,32.31669998168945,449,EU,Ukraine,UA,"Chernihiv Oblast",UA-74,74,Pryluky,0,,,,,https://en.wikipedia.org/wiki/Pryluky_(air_base),"Pryluky Air Base, Аэродром Прилуки",50,2009-04-24T16:10:52+00:00
351422,UA-0171,closed,"Prymors'k Airport",46.7441,36.32766,89,EU,Ukraine,UA,"Zaporizhia Oblast",UA-23,23,Prymors'k,0,,,,,,,50,2023-08-28T02:11:17+00:00
340330,UA-0135,small_airport,"Pryvillia Airfield",46.1497,33.4064,,EU,Ukraine,UA,"Kherson Oblast",UA-65,65,Pryvillia,0,,,,,,,50,2021-12-30T15:50:44+00:00
324581,UA-0119,small_airport,"Romashky Airstrip",49.7354043,30.5536534,,EU,Ukraine,UA,"Kyiv Oblast",UA-32,32,Romashky,0,,,,,,,50,2017-07-29T00:36:36+00:00
35070,UA-1901,small_airport,"Sambir Air Base",49.549999,23.334999,860,EU,Ukraine,UA,"Lviv Oblast",UA-46,46,Sambir,0,UKLA,,,,https://en.wikipedia.org/wiki/Sambir_(air_base),,50,2023-09-21T13:59:04+00:00
44309,UA-0018,small_airport,"Sevastopol Kozachya Bay Aerodrome / Khersones Air Base",44.578466,33.395462,46,EU,Ukraine,UA,"Sevastopol (city)",UA-40,40,Sevastopol,0,,,,,,"Hersones Air Base, Аэродром Херсонес, Khersones Air Base, Kozachya Bukhta",50,2021-03-19T15:55:16+00:00
320486,UA-0089,small_airport,"Shevchenkove Airstrip",50.876703,29.071036,,EU,Ukraine,UA,"Zhytomyr Oblast",UA-18,18,Shevchenkove,0,,,,,,,50,2021-01-27T15:59:46+00:00
351115,UA-0170,small_airport,"Shyroke Airport",46.94635,34.91222,238,EU,Ukraine,UA,"Zaporizhia Oblast",UA-23,23,Shyroke,0,,,,,,,50,2021-12-30T16:12:34+00:00
44429,UKCS,small_airport,"Sievierodonetsk Airport",48.900926,38.54279,236,EU,Ukraine,UA,"Luhansk Oblast",UA-09,09,Sievierodonetsk,0,UKCS,SEV,,,,"Severodonetsk Airport, Аеропорт Северодонецьк, Аэропорт Северодонецк",50,2021-03-10T13:38:32+00:00
44312,UA-0021,small_airport,"Skadovsk Airfield",46.131888,32.902506,7,EU,Ukraine,UA,"Kherson Oblast",UA-65,65,Skadovsk,0,UKOS,,,,,"Аэродром Скадовск",50,2021-10-16T05:52:37+00:00
320733,UA-0094,small_airport,"Smodna Airfield",48.306675,25.14064,,EU,Ukraine,UA,"Ivano-Frankivsk Oblast",UA-26,26,Smodna,0,,,,,,,50,2021-01-27T16:03:19+00:00
504971,UA-0180,small_airport,"Sydorenkove Airport",49.711725,35.385783,551,EU,Ukraine,UA,"Kharkiv Oblast",UA-63,63,Sydorenkove,0,,,,,,,50,2022-11-20T08:37:33+00:00
32533,UKKH,closed,"Chepelevka (Uzin) Air Base",49.7906,30.441401,568,EU,Ukraine,UA,"Kyiv Oblast",UA-32,32,Uzin,0,,,,,,"UKKH, UKKH",50,2021-07-04T02:03:15+00:00
46263,UA-0055,small_airport,"Shiroke Airfield",47.9188730788,34.9574661255,,EU,Ukraine,UA,"Zaporizhia Oblast",UA-23,23,Zaporizhia,0,,,,,,"Shirokoye Airfield, Shirokoe Airfield, Аеродром Широке, Аэродром Широкое",50,2010-03-05T14:00:53+00:00
34956,UA-0001,closed,"Borodyanka Air Base",50.6633,29.8933,463,EU,Ukraine,UA,"Kyiv Oblast",UA-32,32,Borodyanka,0,,,,,https://en.wikipedia.org/wiki/Borodianka_%28air_base%29,"Borodianka Air Base, Аэродром Бородянка",1,2021-03-12T11:58:31+00:00
34966,UA-0004,closed,"Pustogorod Air Base",51.849998474121094,34.04999923706055,636,EU,Ukraine,UA,"Sumy Oblast",UA-59,59,Hlukhiv,0,,,,,https://en.wikipedia.org/wiki/Chervonoye_Pustogorod,"Chervonoye  Air Base, Chervonoe  Air Base, Аэродром Червоное, Аэродром Пустогород",1,2009-04-25T07:12:32+00:00
316330,UA-0080,closed,Narodychi,51.2312512,29.0707288,,EU,Ukraine,UA,"Zhytomyr Oblast",UA-18,18,,0,,,,,,,0,2015-11-13T08:36:16+00:00
321207,UA-0105,closed,"Karabachyn Airstrip",50.274742,29.441407,,EU,Ukraine,UA,"Zhytomyr Oblast",UA-18,18,,0,,,,,,,0,2021-12-19T13:00:57+00:00
324565,UA-0118,heliport,"Rafalivka Helicopter Base",51.360218,25.9194958,,EU,Ukraine,UA,"Rivne Oblast",UA-19,19,,0,,,,,,,0,2017-07-28T00:14:04+00:00
43869,UA-0006,closed,"Kornych Air Base",48.52899932861328,25.125,,EU,Ukraine,UA,"Ivano-Frankivsk Oblast",UA-26,26,,0,,,,,,"Kornich Air Base, Аэродром Корныч",0,2009-03-26T08:20:23+00:00
315925,UA-0077,closed,"Aerodrom Krupske",49.451556,24.043866,,EU,Ukraine,UA,"Lviv Oblast",UA-46,46,,0,,,,,,,0,2022-02-04T05:29:03+00:00
321616,UA-0110,closed,"Pogorelovka Airstrip",48.525151,25.993457,,EU,Ukraine,UA,"Chernivtsi Oblast",UA-77,77,,0,,,,,,,0,2016-12-25T02:04:05+00:00
511619,UA-0185,heliport,Novoozerne,45.337599,33.035567,,EU,Ukraine,UA,(unassigned),UA-U-A,U-A,,0,,,,,,,0,2023-09-02T01:22:30+00:00
342230,UA-0162,heliport,"Partenit Heliport",44.586,34.3396,374,EU,Ukraine,UA,"Crimea (Autonomous Republic)",UA-43,43,Alushta,0,,,,,,,0,2021-03-19T16:46:24+00:00
342231,UA-0163,heliport,"Profug Heliport",44.6511,34.3995,269,EU,Ukraine,UA,"Crimea (Autonomous Republic)",UA-43,43,Alushta,0,,,,,,,0,2021-03-19T16:54:16+00:00
44306,UA-0015,closed,"Perekop Airfield",46.15800094604492,33.71699905395508,,EU,Ukraine,UA,"Crimea (Autonomous Republic)",UA-43,43,Armyansk,0,,,,,,"Аэродром Перекоп",0,2009-04-20T06:08:49+00:00
44310,UA-0019,closed,"Bagerovo Air Base",45.407001,36.244999,,EU,Ukraine,UA,"Crimea (Autonomous Republic)",UA-43,43,Bagerovo,0,,,,,https://en.wikipedia.org/wiki/Baherove_(air_base),"Аэродром Багерово, Bagarovo, Baherove",0,2021-01-27T15:36:01+00:00
510537,UA-0183,closed,"Balabyne Airfield",47.768436,35.2604,,EU,Ukraine,UA,"Zaporizhia Oblast",UA-23,23,"Balabyne, Zaporizhzhia Raion",0,,,,,,,0,2023-07-28T12:55:48+00:00
331659,UA-0125,heliport,"Bilohorodka Heliport",50.424592,30.272464,,EU,Ukraine,UA,"Kyiv Oblast",UA-32,32,Bilohorodka,0,,,HD2P,,,Белогородка,0,2022-11-20T09:00:30+00:00
329398,UA-0123,closed,"Biloyarivka Airstrip",47.810729,38.629275,347,EU,Ukraine,UA,"Donetsk Oblast",UA-14,14,Biloyarivka,0,,,,,,,0,2021-03-10T13:49:49+00:00
43871,UA-0008,closed,"Chortkiv Air Base",48.97800064086914,25.742000579833984,,EU,Ukraine,UA,"Ternopil Oblast",UA-61,61,Chortkiv,0,,,,,,"Chortkov Air Base, Chyortkov Air Base, Аэродром Чортков, Аэродром Чёртков",0,2009-03-26T08:35:14+00:00
44400,UA-0035,closed,"Chоrnobil Heliport",51.2859992981,30.198999404900004,,EU,Ukraine,UA,"Kyiv Oblast",UA-32,32,Chоrnobil,0,,,,,,"Chernobyl Heliport, Вертодром Чорнобиль, Вертодром Чернобыль",0,2010-02-22T16:57:04+00:00
44308,UA-0017,closed,"Genichesk Air Base",46.209,34.764999,,EU,Ukraine,UA,"Kherson Oblast",UA-65,65,Genichesk,0,,,,,,"Аэродром Геническ",0,2021-07-31T16:28:03+00:00
353019,UA-0175,closed,"Holubivka Airfield",48.63034,38.67211,672,EU,Ukraine,UA,"Donetsk Oblast",UA-14,14,Holubivka,0,,,,,,,0,2022-02-25T09:26:18+00:00
326392,UA-0122,closed,"Iskrivka Airstrip",48.1787704,33.354016,,EU,Ukraine,UA,"Kirovohrad Oblast",UA-35,35,Iskrivka,0,,,,,,,0,2018-02-12T05:02:50+00:00
44434,UKOI,closed,"Izmail International Airport",45.395959,28.801403,125,EU,Ukraine,UA,"Odessa Oblast",UA-51,51,Izmail,0,,,,,,"UKOI, UKOI",0,2021-07-04T01:36:29+00:00
44332,UA-0024,closed,"Askaniya-Nova Airport",46.419998,33.724998,,EU,Ukraine,UA,"Kherson Oblast",UA-65,65,Khrestivka,0,,,,,,"Askania-Nova Airport, Аэропорт Аскания-Нова",0,2021-02-05T09:12:51+00:00
44396,UA-0033,closed,"Kiliya Airport",45.458866,29.287591,2,EU,Ukraine,UA,"Odessa Oblast",UA-51,51,Kiliya,0,,,,,,"Аэропорт Килия",0,2021-03-19T13:50:53+00:00
43870,UA-0007,closed,"Kolomiya Airport",48.55099868774414,25.04199981689453,,EU,Ukraine,UA,"Ivano-Frankivsk Oblast",UA-26,26,Kolomiya,0,,,,,,"Kolomyya Airport, Аэропорт Коломыя, Аэропорт Коломия",0,2009-03-26T08:25:34+00:00
340326,UA-0131,closed,"Kukushkino Airstrip",45.698139,33.36079,,EU,Ukraine,UA,"Crimea (Autonomous Republic)",UA-43,43,Kukushkino,0,,,,,,,0,2021-01-27T16:08:25+00:00
340325,UA-0130,closed,"Kurgannoye Airstrip",45.8541,33.7062,,EU,Ukraine,UA,"Crimea (Autonomous Republic)",UA-43,43,Kurgannoye,0,,,,,,,0,2021-01-27T16:07:17+00:00
46582,UA-0073,heliport,"Hydropark Heliport",50.458134,30.568124,,EU,Ukraine,UA,"Kyiv (city)",UA-30,30,Kyiv,0,,,,,,,0,2022-11-20T08:49:02+00:00
46584,UA-0074,heliport,"Mariinsky Park Heliport",50.449147,30.541149,,EU,Ukraine,UA,"Kyiv (city)",UA-30,30,Kyiv,0,,,,,,"Ukraine Presidential Heliport, Mariinsky Heliport",0,2022-11-20T09:04:14+00:00
46268,UA-0060,closed,"Gostra Mogila Airfield",48.532282,39.390879,,EU,Ukraine,UA,"Luhansk Oblast",UA-09,09,Luhansk,0,,,,,,"Ostraya Mogila Airfield, Luhansk East Airfield, Lugansk Vostochny Airfield, Аеродром Гостра Могила, Аэродром Острая Могила, Аэродром Луганск Восточный",0,2021-04-11T13:50:22+00:00
44393,UA-0030,closed,"Luzhani Airfield",48.38399887084961,25.767000198364258,,EU,Ukraine,UA,"Chernivtsi Oblast",UA-77,77,Luzhani,0,,,,,,"Luzhany Airfield, Chernivtsi Northwest Airfield, Chernovtsy Northwest Airfield, Аэродром Лужаны, Аэродром Черновцы Северозападные",0,2009-04-24T17:03:47+00:00
342020,UA-0142,heliport,"Lysychansk Heliport",48.9323,38.4097,433,EU,Ukraine,UA,"Luhansk Oblast",UA-09,09,Lysychansk,0,,,,,,,0,2022-02-25T09:26:57+00:00
353282,UA-0178,closed,"Mala Bilozerka Airport",47.268353,34.962648,246,EU,Ukraine,UA,"Zaporizhia Oblast",UA-23,23,"Mala Bilozerka",0,,,,,,,0,2022-03-04T00:15:17+00:00
46366,UA-0068,closed,"Mala Vyska Airfield",48.632,31.616,,EU,Ukraine,UA,"Kirovohrad Oblast",UA-35,35,"Mala Vyska",0,,,,,,"Malaya Viska Airfield, Аеродром Мала Виска, Аэродром Малая Виска",0,2010-03-27T17:35:19+00:00
353372,UA-0179,heliport,"Mamalyha Heliport",48.2477,26.58473,377,EU,Ukraine,UA,"Chernivtsi Oblast",UA-77,77,Mamalyha,0,,,,,,,0,2022-03-08T12:16:21+00:00
44305,UA-0014,closed,"Donuzlav Air Base",45.325884,33.050407,37,EU,Ukraine,UA,"Crimea (Autonomous Republic)",UA-43,43,Mirnyi,0,,,,,,"Аэродром Донузлав",0,2021-12-30T15:52:29+00:00
316454,UA-0084,closed,"Mykolaivka-Novorosiis'ka Airstrip",46.130858,29.874125,269,EU,Ukraine,UA,"Odessa Oblast",UA-51,51,Mykolaivka-Novorosiis'ka,0,,,,,,,0,2021-12-30T15:23:44+00:00
321184,UA-0101,heliport,"Mezhigyrya Heliport",50.621493,30.460464,,EU,Ukraine,UA,"Kyiv Oblast",UA-32,32,"Novi Petrivtsi",0,,,,,,,0,2022-11-20T08:50:23+00:00
510535,UA-0181,closed,"Novomikolayivka Airfield",47.100432,35.702487,,EU,Ukraine,UA,"Zaporizhia Oblast",UA-23,23,"Novomikolayivka, Polohy Raion",0,,,,,,,0,2023-07-28T12:44:20+00:00
46274,UA-0066,closed,"Ochakiv Air Base",46.647786,31.553764,,EU,Ukraine,UA,"Mykolaiv Oblast",UA-48,48,Ochakiv,0,,,,,,"Ochakov Air Base, Аеродром Очакiв, Аэродром Очаков",0,2019-01-01T05:27:08+00:00
46269,UA-0061,closed,"Dalnik Airfield",46.493108,30.618859,213,EU,Ukraine,UA,"Odessa Oblast",UA-51,51,Odessa,0,,,,,,"Zastava Airfield, Аэродром Дальник, Аэродром Застава",0,2021-12-30T15:32:47+00:00
320475,UA-0087,closed,"Krasni Okny Airfield",47.549189,29.428682,,EU,Ukraine,UA,"Odessa Oblast",UA-51,51,Okny,0,,,,,,,0,2021-01-27T15:58:24+00:00
342216,UA-0148,closed,"Oleksandrivka Airfield",46.3069,31.9753,3,EU,Ukraine,UA,"Kherson Oblast",UA-65,65,Oleksandrivka,0,,,,,,,0,2021-03-22T06:56:12+00:00
44394,UA-0031,heliport,"Oleksandriya Air Base",48.68000030517578,33.18000030517578,,EU,Ukraine,UA,"Kirovohrad Oblast",UA-35,35,Oleksandriya,0,,,,,,"Aleksandriya Air Base, Alexandriya Air Base, Аэродром Александрия, Аэродром Олександрия, Аэродром Олександрiя",0,2009-04-24T17:22:34+00:00
340333,UA-0138,closed,"Oleksiivka Airfield",46.2626,32.218,,EU,Ukraine,UA,"Kherson Oblast",UA-65,65,Oleksiivka,0,,,,,,,0,2021-03-19T15:26:58+00:00
44314,UA-0023,closed,"Chkalovskiy Airfield",45.073002,35.202999,,EU,Ukraine,UA,"Crimea (Autonomous Republic)",UA-43,43,Pervomaiske,0,,,,,,"Chkalovsky Airfield, Аэродром Чкаловский",0,2021-01-27T15:42:52+00:00
44368,UA-0026,closed,"Blagoyevo Air Base",46.89500045776367,30.700000762939453,,EU,Ukraine,UA,"Odessa Oblast",UA-51,51,Petrovka,0,,,,,,"Blagoevo Air Base, Buyalik Air Base, Buyalyk Air Base, Аэродром Благоево, Аэродром Буялык",0,2009-04-24T12:05:25+00:00
320732,UA-0093,closed,"Pishchanka Airstrip",48.200516,28.863063,,EU,Ukraine,UA,"Vinnytsia Oblast",UA-05,05,Pishchanka,0,,,,,,,0,2021-01-27T16:03:02+00:00
340328,UA-0133,closed,"Pochetnoye Airfield",45.999861,33.78224,,EU,Ukraine,UA,"Crimea (Autonomous Republic)",UA-43,43,Pochetnoye,0,,,,,,,0,2021-01-27T16:11:28+00:00
340329,UA-0134,closed,"Chervonyi Chaban Airfield",46.18,33.5934,,EU,Ukraine,UA,"Kherson Oblast",UA-65,65,Preobrazhenka,0,,,,,,,0,2021-12-30T16:02:47+00:00
351106,UA-0164,heliport,"Reni Heliport",45.42554,28.29038,26,EU,Ukraine,UA,"Odessa Oblast",UA-51,51,Reni,0,,,,,,,0,2021-12-30T15:11:34+00:00
321617,UA-0111,closed,"Rudnya Airstrip",49.37228,27.531321,,EU,Ukraine,UA,"Khmelnytskyi Oblast",UA-68,68,Rudnya,0,,,,,,,0,2022-03-08T12:11:43+00:00
351110,UA-0165,closed,"Frumushyka Airstrip",46.29002,29.40827,436,EU,Ukraine,UA,"Odessa Oblast",UA-51,51,Semysotka,0,,,,,,,0,2022-01-02T13:28:45+00:00
351111,UA-0166,heliport,"Frumushyka Heliport",46.29598,29.41779,418,EU,Ukraine,UA,"Odessa Oblast",UA-51,51,Semysotka,0,,,,,,,0,2021-12-30T15:40:57+00:00
44677,UA-0044,heliport,"Sevastopol Naval Institute Helipad",44.61029815673828,33.47949981689453,,EU,Ukraine,UA,"Sevastopol (city)",UA-40,40,Sevastopol,0,,,,,,"Sevastopol Navy Institute Helipad",0,2009-08-10T15:18:53+00:00
46271,UA-0063,heliport,"Kruglaya Bukhta Heliport",44.6014149349,33.4506440163,,EU,Ukraine,UA,"Sevastopol (city)",UA-40,40,Sevastopol,0,,,,,,"Sevastopolsky Aviaremontny Zavod Heliport, Sevastopol Aircraft Repair Plant Heliport, Вертодром Круглая Бухта",0,2010-03-05T17:32:39+00:00
342219,UA-0151,heliport,"Demetrynskaya Street Helipad",44.5097,33.6069,305,EU,Ukraine,UA,"Sevastopol (city)",UA-40,40,Sevastopol,0,,,,,,,0,2021-03-19T16:11:28+00:00
342220,UA-0152,heliport,"Orlinovsky Helipad",44.4207,33.6741,348,EU,Ukraine,UA,"Sevastopol (city)",UA-40,40,Sevastopol,0,,,,,,,0,2021-03-19T16:13:37+00:00
340327,UA-0132,closed,"Slavne Airfield",45.731711,33.21123,7,EU,Ukraine,UA,"Crimea (Autonomous Republic)",UA-43,43,Slavne,0,,,,,,Slavnoye,0,2021-12-30T15:51:42+00:00
44377,UA-0029,closed,"Bolshoy Tokmak Air Base",47.285459,35.707855,,EU,Ukraine,UA,"Zaporizhia Oblast",UA-23,23,Tokmak,0,,,,,,"Bolshoi Tokmak Air Base, Аэродром Большой Токмак",0,2022-01-24T05:01:27+00:00
341519,UA-0139,heliport,"Trakhtemyriv Heliport",49.984294,31.339095,397,EU,Ukraine,UA,"Cherkasy Oblast",UA-71,71,Trakhtemyriv,0,,,,,,,0,2022-11-20T08:52:37+00:00
510536,UA-0182,closed,"Vil'nyanka Airfield",47.966307,35.390482,,EU,Ukraine,UA,"Zaporizhia Oblast",UA-23,23,"Vil'nyanka, Zaporizhzhia Raion",0,,,,,,,0,2023-07-28T12:49:22+00:00
44295,UA-0011,closed,"Karankut Air Base",45.577999,34.282001,52,EU,Ukraine,UA,"Crimea (Autonomous Republic)",UA-43,43,Volnoye,0,,,,,,"Krasnogvardeyskoe Air Base, Krasnogvardeyskoye Air Base, Аэродром Каранкут, Аэродром Красногвардейское",0,2018-12-31T05:47:51+00:00
46273,UA-0065,heliport,"Respect Hall Helipad",44.432273,34.081035,,EU,Ukraine,UA,"Crimea (Autonomous Republic)",UA-43,43,Yalta,0,,,,,,"Вертолётная площадка Респект Холл",0,2021-03-19T16:28:49+00:00
342217,UA-0149,heliport,"Mriya Resort Helipad",44.3977,33.94168,251,EU,Ukraine,UA,"Crimea (Autonomous Republic)",UA-43,43,Yalta,0,,,,,,,0,2021-03-19T16:09:05+00:00
342218,UA-0150,heliport,"Internal Affairs Ministry Dacha Helipad",44.40043,33.92258,182,EU,Ukraine,UA,"Crimea (Autonomous Republic)",UA-43,43,Yalta,0,,,,,,,0,2021-03-19T16:08:46+00:00
342223,UA-0155,heliport,"GK Tavriya Resort Seaside Helipad",44.4043,33.8779,,EU,Ukraine,UA,"Crimea (Autonomous Republic)",UA-43,43,Yalta,0,,,,,,,0,2021-03-19T16:24:18+00:00
342224,UA-0156,heliport,"GK Tavriya Resort Heliport",44.40605,33.88245,430,EU,Ukraine,UA,"Crimea (Autonomous Republic)",UA-43,43,Yalta,0,,,,,,,0,2021-03-19T16:24:50+00:00
342225,UA-0157,heliport,"Naberezhnaya Helipad",44.39893,33.9192,16,EU,Ukraine,UA,"Crimea (Autonomous Republic)",UA-43,43,Yalta,0,,,,,,,0,2021-03-19T16:27:25+00:00
342226,UA-0158,heliport,"Oreanda Heliport",44.4513,34.1293,479,EU,Ukraine,UA,"Crimea (Autonomous Republic)",UA-43,43,Yalta,0,,,,,,,0,2021-03-19T16:30:05+00:00
342227,UA-0159,heliport,"Pension Wisteria Helipad",44.461824,34.145346,125,EU,Ukraine,UA,"Crimea (Autonomous Republic)",UA-43,43,Yalta,0,,,,,,,0,2021-03-19T16:31:37+00:00
342228,UA-0160,heliport,"Massandra Palace Heliport",44.5145,34.2039,971,EU,Ukraine,UA,"Crimea (Autonomous Republic)",UA-43,43,Yalta,0,,,,,,,0,2021-03-19T16:36:03+00:00
342229,UA-0161,heliport,"Artek Heliport",44.56059,34.307563,335,EU,Ukraine,UA,"Crimea (Autonomous Republic)",UA-43,43,Yalta,0,,,,,,,0,2021-03-19T16:44:30+00:00
45182,UA-0053,closed,"Palmira Airfield",49.763,32.123,,EU,Ukraine,UA,"Cherkasy Oblast",UA-71,71,Zolotonosha,0,,,,,,"Аэродром Пальмира",0,2009-11-18T14:53:00+00:00
